algorithm,difference,precision,recall
userEuclidean,0,0.3010752688172043,0.08542713567839195
userLoglikelihood,2.3302530527114866,0.11764705882352945,0.017587939698492466
userEuclideanNoPref,4.633867567844603,0.09045226130653267,0.09296482412060306
itemEuclidean,1.4408887100302152,0.0,0.0
itemLoglikelihood,2.431971629460658,0.0,0.0
itemEuclideanNoPref,2.5997918116052916,0.6005025125628134,0.6055276381909548
slopeOne,2.7235070813609155,0.0,0.0
